<?xml version="1.0" encoding="UTF-8"?>
<DEFECTS>
<OACRDEFECTCOUNT>4</OACRDEFECTCOUNT>
<OACRERRORCOUNT>0</OACRERRORCOUNT>
<DEFECT _seq="1"><SFA><LINE>30</LINE><COLUMN>9</COLUMN><FILENAME>hide.c</FILENAME><FILEPATH>f:\echo_app\vc6.0\hide\</FILEPATH></SFA><DEFECTCODE>28101</DEFECTCODE><DESCRIPTION>The Drivers module has inferred that the current function is a DRIVER_INITIALIZE function:  This is informational only. No problem has been detected.</DESCRIPTION><FUNCTION>DriverEntry</FUNCTION><FUNCLINE>30</FUNCLINE><PATH/></DEFECT>
<DEFECT _seq="2"><SFA><LINE>39</LINE><COLUMN>39</COLUMN><FILENAME>hide.c</FILENAME><FILEPATH>f:\echo_app\vc6.0\hide\</FILEPATH></SFA><DEFECTCODE>28169</DEFECTCODE><DESCRIPTION>The dispatch function 'DefaultDispatch' does not have any __drv_dispatchType annotations:  This can be corrected by adding appropriate __drv_dispatchType annotations to the function. Unnecessary casts can cause this warning.</DESCRIPTION><FUNCTION>DriverEntry</FUNCTION><FUNCLINE>30</FUNCLINE><PATH/></DEFECT>
<DEFECT _seq="3"><SFA><LINE>39</LINE><COLUMN>39</COLUMN><FILENAME>hide.c</FILENAME><FILEPATH>f:\echo_app\vc6.0\hide\</FILEPATH></SFA><DEFECTCODE>28155</DEFECTCODE><DESCRIPTION>The function being assigned or passed should be a DRIVER_DISPATCH function:  Add the declaration 'DRIVER_DISPATCH DefaultDispatch;' before the current first declaration of DefaultDispatch.</DESCRIPTION><FUNCTION>DriverEntry</FUNCTION><FUNCLINE>30</FUNCLINE><PATH/></DEFECT>
<DEFECT _seq="4"><SFA><LINE>42</LINE><COLUMN>31</COLUMN><FILENAME>hide.c</FILENAME><FILEPATH>f:\echo_app\vc6.0\hide\</FILEPATH></SFA><DEFECTCODE>28155</DEFECTCODE><DESCRIPTION>The function being assigned or passed should be a DRIVER_UNLOAD function:  Add the declaration 'DRIVER_UNLOAD DriverUnload;' before the current first declaration of DriverUnload.</DESCRIPTION><FUNCTION>DriverEntry</FUNCTION><FUNCLINE>30</FUNCLINE><PATH/></DEFECT>
</DEFECTS>
